student_id,student_name,age,major,city,api_name,api_course,gpa,attendance,status,email,phone,guardian_name,course,score,semester,web_title,web_summary,web_url,performance_level,attendance_status,source
1001,Ahmed Ali,21,Computer Science,Sanaa,Aarav Sharma,Computer Science,3.45,92.0,Active,student1001@example.com,+967700001001,Ahmed Ali,Database Systems | Python Programming,89.5,2026-S1,Not available,Not available,https://en.wikipedia.org/wiki/Computer_science,Very Good,Good,CSV+REAL_API+POSTGRESQL+MONGODB+WEB_SCRAPING
1002,Sara Mohammed,22,Artificial Intelligence,Sanaa,Diya Patel,Data Science,3.8,95.0,Active,student1002@example.com,+967700001002,Mohammed Hassan,Data Engineering | Python Programming,95.0,2026-S1,Not available,Not available,https://en.wikipedia.org/wiki/Artificial_intelligence,Excellent,Good,CSV+REAL_API+POSTGRESQL+MONGODB+WEB_SCRAPING
1003,Omar Hassan,20,Information Systems,Taiz,Kabir Singh,Information Systems,2.95,78.0,Active,student1003@example.com,+967700001003,Ali Saleh,Database Systems | Software Engineering,80.5,2026-S1,Not available,Not available,https://en.wikipedia.org/wiki/Information_systems,Good,Good,CSV+REAL_API+POSTGRESQL+MONGODB+WEB_SCRAPING
1004,Lina Saleh,23,Computer Science,Aden,Anaya Gupta,Artificial Intelligence,3.7,90.0,Active,student1004@example.com,+967700001004,Hassan Ahmed,Machine Learning | Python Programming,91.5,2026-S1,Not available,Not available,https://en.wikipedia.org/wiki/Computer_science,Excellent,Good,CSV+REAL_API+POSTGRESQL+MONGODB+WEB_SCRAPING
1006,Khaled Noor,19,Cyber Security,Sanaa,Ishita Rao,Computer Science,2.7,74.0,Active,student1006@example.com,+967700001006,Abdullah Ali,Database Systems | Python Programming,73.5,2026-S1,Not available,Not available,https://en.wikipedia.org/wiki/Computer_security,Good,Low,CSV+REAL_API+POSTGRESQL+MONGODB+WEB_SCRAPING
1008,Yousef Ali,24,Data Science,Taiz,Meera Shah,Information Systems,2.4,68.0,Active,student1008@example.com,+967700001008,Nasser Saleh,Python Programming | Software Engineering,70.5,2026-S1,Not available,Not available,https://en.wikipedia.org/wiki/Data_science,Acceptable,Low,CSV+REAL_API+POSTGRESQL+MONGODB+WEB_SCRAPING
1010,Rami Saeed,25,Computer Science,Sanaa,Nisha Verma,Cyber Security,3.2,85.0,Active,student1010@example.com,+967700001010,Omar Ali,Python Programming | Software Engineering,85.0,2026-S1,Not available,Not available,https://en.wikipedia.org/wiki/Computer_science,Very Good,Good,CSV+REAL_API+POSTGRESQL+MONGODB+WEB_SCRAPING
1011,Amal Nasser,27,Information Systems,Taiz,Rahul Nair,Computer Science,2.85,80.0,Active,student1011@example.com,+967700001011,Ibrahim Hassan,Data Engineering | Database Systems,81.5,2026-S1,Not available,Not available,https://en.wikipedia.org/wiki/Information_systems,Good,Good,CSV+REAL_API+POSTGRESQL+MONGODB+WEB_SCRAPING
1012,Fahad Omar,26,Data Science,Aden,Pooja Iyer,Data Science,3.1,82.0,Active,student1012@example.com,+967700001012,Fahad Mohammed,Data Engineering | Software Engineering,86.5,2026-S1,Not available,Not available,https://en.wikipedia.org/wiki/Data_science,Very Good,Good,CSV+REAL_API+POSTGRESQL+MONGODB+WEB_SCRAPING
1013,Reem Ali,28,Computer Science,Sanaa,Karan Malhotra,Information Systems,3.9,97.0,Active,student1013@example.com,+967700001013,Samir Ali,Machine Learning | Software Engineering,96.0,2026-S1,Not available,Not available,https://en.wikipedia.org/wiki/Computer_science,Excellent,Good,CSV+REAL_API+POSTGRESQL+MONGODB+WEB_SCRAPING
1014,Salem Hadi,30,Cyber Security,Sanaa,Sneha Kapoor,Artificial Intelligence,3.55,91.0,Active,student1014@example.com,+967700001014,Tareq Saleh,Database Systems | Python Programming,91.0,2026-S1,Not available,Not available,https://en.wikipedia.org/wiki/Computer_security,Excellent,Good,CSV+REAL_API+POSTGRESQL+MONGODB+WEB_SCRAPING
1015,Dina Adel,31,Artificial Intelligence,Aden,Aditya Das,Cyber Security,2.2,72.0,Active,student1015@example.com,+967700001015,Majed Ahmed,Data Engineering | Software Engineering,72.0,2026-S1,Not available,Not available,https://en.wikipedia.org/wiki/Artificial_intelligence,Acceptable,Low,CSV+REAL_API+POSTGRESQL+MONGODB+WEB_SCRAPING
