student_id,student_name,age,major,city
1001,Ahmed Ali,21,Computer Science,Sanaa
1002,Sara Mohammed,22,Artificial Intelligence, sanaa 
1003,Omar Hassan,20,Information Systems,Taiz
1004,Lina Saleh,23,Computer Science,Aden
1005,Mona Ahmed,,Data Science,Sanaa
1006,Khaled Noor,19,Cyber Security,sanaa
1007,Huda Salem,15,Information Systems,Aden
1008,Yousef Ali,24,Data Science,TAIZ
1009,Nour Hassan,21,Artificial Intelligence,Aden
1010,Rami Saeed,25,Computer Science,Sanaa
1010,Rami Saeed,25,Computer Science,Sanaa
1011,Amal Nasser,27,Information Systems,Taiz
1012,Fahad Omar,26,Data Science,Aden
1013,Reem Ali,28,Computer Science,Sanaa
1014,Salem Hadi,30,Cyber Security,sanaa
1015,Dina Adel,31,Artificial Intelligence,Aden
